,pathname,layout0,layout1
0,/linear,94898196447232,94898196455424
1,/linear,94898198548480,94898198552576
2,/linear,94898198552576,94898198556672
3,anon,94898198556672,94898202750976
4,[heap],94898210271232,94898210406400
5,anon,139785345720320,139785349918720
6,/libc-2.27.so,139785349918720,139785351913472
7,/libc-2.27.so,139785351913472,139785354010624
8,/libc-2.27.so,139785354010624,139785354027008
9,/libc-2.27.so,139785354027008,139785354035200
10,anon,139785354035200,139785354051584
11,/ld-2.27.so,139785354051584,139785354211328
12,anon,139785356238848,139785356247040
13,/ld-2.27.so,139785356308480,139785356312576
14,/ld-2.27.so,139785356312576,139785356316672
15,anon,139785356316672,139785356320768
16,[stack],140735677308928,140735677444096
17,[vvar],140735678181376,140735678193664
18,[vdso],140735678193664,140735678197760
19,[vsyscall],18446744073699065856,18446744073699069952
20,a[0],0x564f356a2040,0x564f356a2040
21,a[100000],0x564f35703ac0,0x564f35703ac0
22,a[1048575],0x564f35aa203c,0x564f35aa203c
23,loop,0x564f35aa2040,0x564f35aa2040
24,idx,0x564f35aa2044,0x564f35aa2044
25,h[0],0x564f356a2040,0x564f356a2040
26,h[100000],0x7f224fe67a90,0x7f224fe67a90
27,h[1048575],0x7f225020600c,0x7f225020600c
